-- test case 1
create table pt (a int,b char, c date) partition by range(a);
CREATE TABLE
create table pt1(b char, c date, a int) partition by range(a);
CREATE TABLE
create table pt2 (c date, a int,b char) partition by range(a);
CREATE TABLE
alter table pt attach partition pt1 for values from (1) to (11);
ALTER TABLE
alter table pt attach partition pt2 for values from (11) to (21);
ALTER TABLE
create table pt11(c date, a int,b char);
CREATE TABLE
create table pt12(b char, c date, a int);
CREATE TABLE
alter table pt1 attach partition pt11 for values from (1) to (5);
ALTER TABLE
alter table pt2 attach partition pt12 for values from (11) to (15);
ALTER TABLE
--create table pt11 partition of pt1 for values from (1) to (5);
--create table pt12 partition of pt2 for values from (11) to (15);
create view ptv as select * from pt;
CREATE VIEW
insert into ptv values(1,'2', '2018-10-28');
INSERT 0 1
insert into ptv values(11,'2', '2018-10-28');
INSERT 0 1
select * from pt;
 a  | b |     c      
----+---+------------
  1 | 2 | 2018-10-28
 11 | 2 | 2018-10-28
(2 rows)

select * from pt1;
 b |     c      | a 
---+------------+---
 2 | 2018-10-28 | 1
(1 row)

select * from pt2;
     c      | a  | b 
------------+----+---
 2018-10-28 | 11 | 2
(1 row)

select * from pt11;
     c      | a | b 
------------+---+---
 2018-10-28 | 1 | 2
(1 row)

select * from pt12;
 b |     c      | a  
---+------------+----
 2 | 2018-10-28 | 11
(1 row)

insert into ptv values(6,'2', '2018-10-28');
psql:parttable.sql:28: ERROR:  no partition of relation "pt1" found for row
DETAIL:  Partition key of the failing row contains (a) = (6).
insert into ptv values(16,'2', '2018-10-28');
psql:parttable.sql:29: ERROR:  no partition of relation "pt2" found for row
DETAIL:  Partition key of the failing row contains (a) = (16).
drop table pt cascade;
psql:parttable.sql:31: NOTICE:  drop cascades to view ptv
DROP TABLE
--test case 2
create table pt (a int,b char, c date, d text) partition by list(d);
CREATE TABLE
create table pt1(b char, c date, d text, a int) partition by list(d);
CREATE TABLE
create table pt2 (c date, d text, a int,b char) partition by list(d);
CREATE TABLE
alter table pt attach partition pt1 for values in ('pt1');
ALTER TABLE
alter table pt attach partition pt2 for values in ('pt2');
ALTER TABLE
create table pt11(c date, d text, a int,b char);
CREATE TABLE
create table pt12(b char, c date, d text, a int);
CREATE TABLE
alter table pt1 attach partition pt11 for values in ('pt1');
ALTER TABLE
alter table pt2 attach partition pt12 for values in ('pt2');
ALTER TABLE
--create table pt11 partition of pt1 for values in ('pt1');
--create table pt12 partition of pt2 for values in ('pt2');
create view ptv as select * from pt;
CREATE VIEW
insert into ptv values(1,'2', '2018-10-28', 'pt1');
INSERT 0 1
insert into ptv values(6,'2', '2018-10-28', 'pt2');
INSERT 0 1
select * from pt;
 a | b |     c      |  d  
---+---+------------+-----
 1 | 2 | 2018-10-28 | pt1
 6 | 2 | 2018-10-28 | pt2
(2 rows)

select * from pt1;
 b |     c      |  d  | a 
---+------------+-----+---
 2 | 2018-10-28 | pt1 | 1
(1 row)

select * from pt2;
     c      |  d  | a | b 
------------+-----+---+---
 2018-10-28 | pt2 | 6 | 2
(1 row)

select * from pt11;
     c      |  d  | a | b 
------------+-----+---+---
 2018-10-28 | pt1 | 1 | 2
(1 row)

select * from pt12;
 b |     c      |  d  | a 
---+------------+-----+---
 2 | 2018-10-28 | pt2 | 6
(1 row)

drop table pt cascade;
psql:parttable.sql:59: NOTICE:  drop cascades to view ptv
DROP TABLE
-- test case 3
create table mlparted (a int, b int) partition by range (b);
CREATE TABLE
create table mlparted1 (b int not null, a int not null) partition by range (b);
CREATE TABLE
create table mlparted11 (like mlparted1);
CREATE TABLE
alter table mlparted11 drop a;
ALTER TABLE
alter table mlparted11 add a int;
ALTER TABLE
alter table mlparted11 drop a;
ALTER TABLE
alter table mlparted11 add a int not null;
ALTER TABLE
alter table mlparted1 attach partition mlparted11 for values from (1) to (5);
ALTER TABLE
alter table mlparted attach partition mlparted1 for values from (1) to (10);
ALTER TABLE
with ins (a, b, c) as
  (insert into mlparted (b, a) select 2 , 1  returning 3, *)
  select * from ins; 
 a | b | c 
---+---+---
 3 | 1 | 2
(1 row)

drop table mlparted cascade;
DROP TABLE
-- test case 4
create table mlparted (a int, b int) partition by range (b);
CREATE TABLE
create table mlparted1 (b int not null, a int not null);
CREATE TABLE
alter table mlparted1 drop a;
ALTER TABLE
alter table mlparted1 add a int;
ALTER TABLE
alter table mlparted1 drop a;
ALTER TABLE
alter table mlparted1 add a int not null;
ALTER TABLE
alter table mlparted attach partition mlparted1 for values from (1) to (5);
ALTER TABLE
with ins (a, b, c) as
  (insert into mlparted (b, a) select 2 , 1  returning 3, *)
  select * from ins; 
 a | b | c 
---+---+---
 3 | 1 | 2
(1 row)

drop table mlparted cascade;
DROP TABLE
--test case 5
create table mlparted (a int, b int) partition by range (b);
CREATE TABLE
create table mlparted1 (a int, b int);
CREATE TABLE
alter table mlparted1 drop a;
psql:parttable.sql:93: ERROR:  Distribution column cannot be dropped
alter table mlparted1 add a int;
psql:parttable.sql:94: ERROR:  column "a" of relation "mlparted1" already exists
alter table mlparted1 drop a;
psql:parttable.sql:95: ERROR:  Distribution column cannot be dropped
alter table mlparted1 add a int;
psql:parttable.sql:96: ERROR:  column "a" of relation "mlparted1" already exists
alter table mlparted attach partition mlparted1 for values from (1) to (5);
ALTER TABLE
with ins (a, b, c) as
  (insert into mlparted (b, a) select 2 , 1  returning 3, *)
  select * from ins;
 a | b | c 
---+---+---
 3 | 1 | 2
(1 row)

 
drop table mlparted cascade;
DROP TABLE
-- test case 6
create table mlparted (a int, b int) partition by range (b);
CREATE TABLE
create table mlparted1 (b int, a int);
CREATE TABLE
alter table mlparted1 drop a;
ALTER TABLE
alter table mlparted1 add a int;
ALTER TABLE
alter table mlparted1 drop a;
ALTER TABLE
alter table mlparted1 add a int;
ALTER TABLE
alter table mlparted attach partition mlparted1 for values from (1) to (5);
ALTER TABLE
with ins (a, b, c) as
  (insert into mlparted (b, a) select 2 , 1  returning 3, *)
  select * from ins;  
 a | b | c 
---+---+---
 3 | 1 | 2
(1 row)

with ins (a) as      
  (insert into mlparted (b, a) select 2 , 1  returning 3)   
  select * from ins;
 a 
---
 3
(1 row)

drop table mlparted cascade;
DROP TABLE
